crew_qty,customer_qty,incident_status,latitude,longitude
0,85,OUTAGE_REPORTED,35.112949,-85.34312
3,0,REPAIR_IN_PROGRESS,34.985791,-85.32814
2,68,REPAIR_IN_PROGRESS,34.966553,-85.355396
1,3,REPAIR_IN_PROGRESS,35.135309,-85.348109
1,4,EN_ROUTE,35.109643,-85.347434
1,3,EN_ROUTE,34.985231,-85.500871
2,0,REPAIR_IN_PROGRESS,35.113209,-85.346138
2,13,EN_ROUTE,35.34969,-85.227981
1,13,REPAIR_IN_PROGRESS,35.130291,-85.258677
3,231,REPAIR_IN_PROGRESS,35.048819,-85.235299
1,1,EN_ROUTE,35.153028,-85.273387
1,5,REPAIR_IN_PROGRESS,35.165817,-85.310321
1,1,REPAIR_IN_PROGRESS,34.916498,-85.425628
1,108,OUTAGE_REPORTED,35.017892,-85.537166
1,26,REPAIR_IN_PROGRESS,35.135444,-85.347541
2,1,EN_ROUTE,34.92012,-85.333561
1,3,REPAIR_IN_PROGRESS,35.27429,-85.189638
1,8,REPAIR_IN_PROGRESS,35.107918,-85.36457
1,97,REPAIR_IN_PROGRESS,35.030661,-85.230386
1,1,REPAIR_IN_PROGRESS,35.061916,-85.057888
1,1,REPAIR_IN_PROGRESS,35.120152,-85.331985
1,80,REPAIR_IN_PROGRESS,34.988102,-85.328232
2,50,REPAIR_IN_PROGRESS,35.142654,-85.264921
0,38,OUTAGE_REPORTED,35.268309,-85.184416
1,68,REPAIR_IN_PROGRESS,35.13323,-85.084144
0,34,OUTAGE_REPORTED,34.990409,-85.153286
1,14,REPAIR_IN_PROGRESS,34.971087,-85.355776
