customer_qty,incident_status,latitude,longitude
12,MANUAL_RESTORE,35.2437362573353,-85.1934848574828
252,MANUAL_RESTORE,34.9954925428013,-85.1125533645254
4,MANUAL_RESTORE,35.1815778887505,-85.3420471881898
12,MANUAL_RESTORE,35.2460667899753,-85.1960267604312
1,MANUAL_RESTORE,35.0398339333182,-85.3018220577679
157,MANUAL_RESTORE,35.2440927174809,-85.1937860259689
66660,SMART_GRID_RESTORE,34.2185061839911,-92.6053209721627
190,SMART_GRID_RESTORE,34.9953467519304,-85.1243902039885
1,MANUAL_RESTORE,35.2377900525147,-85.104072224694
77,SMART_GRID_RESTORE,35.0411209233557,-85.3010893642684
66660,SMART_GRID_RESTORE,35.0946380825478,-85.2340755605194
1,MANUAL_RESTORE,34.9895210840992,-85.3123164105593
2,MANUAL_RESTORE,35.0371690145514,-85.1092646524241
1,MANUAL_RESTORE,35.0013200743379,-85.2394737806431
1,MANUAL_RESTORE,34.9943657453357,-85.2082343394885
1,MANUAL_RESTORE,35.1104039963442,-85.1264541113044
15,MANUAL_RESTORE,35.0357734852398,-85.1001612077633
1,MANUAL_RESTORE,35.389856566754,-85.0391066757631
1,MANUAL_RESTORE,35.1113755548644,-85.0008686148892
3,MANUAL_RESTORE,35.307652522343,-85.0861923042866
